opensafely_code,opensafely_term,jm_dmd_type,jm_dmd_id,jm_dmd_name,jm_bnf_code
,,VMP,4052511000001106,Dexamethasone (base) 6.6mg/2ml solution for injection vials,0603020AAAAAAAA
,,AMP,4048311000001104,Dexamethasone (base) 6.6mg/2ml solution for injection vials,0603020AAAAAAAA
,,AMP,4050411000001106,Dexamethasone (base) 6.6mg/2ml solution for injection vials,0603020AAAAAAAA
,,AMP,4050111000001101,Dexamethasone (base) 6.6mg/2ml solution for injection vials,0603020AAAAAAAA
,,VMP,4052611000001105,Dexamethasone (base) 3.3mg/1ml solution for injection ampoules,0603020AAAAABAB
,,AMP,4047111000001102,Dexamethasone (base) 3.3mg/1ml solution for injection ampoules,0603020AAAAABAB
,,AMP,4047711000001101,Dexamethasone (base) 3.3mg/1ml solution for injection ampoules,0603020AAAAABAB
,,AMP,38564611000001107,Dexamethasone (base) 3.3mg/1ml solution for injection ampoules,0603020AAAAABAB
,,AMP,4047411000001107,Dexamethasone (base) 3.3mg/1ml solution for injection ampoules,0603020AAAAABAB
,,AMP,32167711000001108,Dexamethasone (base) 3.3mg/1ml solution for injection ampoules,0603020AAAAABAB
,,AMP,19532111000001104,Dexamethasone (base) 3.3mg/1ml solution for injection ampoules,0603020AAAAABAB
,,VMP,22153811000001101,Dexamethasone (base) 6.6mg/2ml solution for injection ampoules,0603020AAAAACAC
,,AMP,22127411000001109,Dexamethasone (base) 6.6mg/2ml solution for injection ampoules,0603020AAAAACAC
,,AMP,28039811000001104,Dexamethasone (base) 6.6mg/2ml solution for injection ampoules,0603020AAAAACAC
,,AMP,38565011000001101,Dexamethasone (base) 6.6mg/2ml solution for injection ampoules,0603020AAAAACAC
,,AMP,22084911000001106,Dexamethasone (base) 6.6mg/2ml solution for injection ampoules,0603020AAAAACAC
,,VMP,19525311000001106,Methylprednisolone aceponate 0.1% ointment,0603020ACAAAAAA
,,AMP,19522311000001100,Advantan 0.1% ointment,0603020ACBBAAAA
,,VMP,325345003,Betamethasone 500microgram tablets,0603020B0AAABAB
,,AMP,3804311000001103,Betnelan 500microgram tablets,0603020B0BBAAAB
,,VMP,35910611000001103,Betamethasone 4mg/1ml solution for injection ampoules,0603020C0AAAAAA
,,AMP,30987311000001103,Betamethasone 4mg/1ml solution for injection ampoules,0603020C0AAAAAA
,,AMP,30984811000001103,Betamethasone 4mg/1ml solution for injection ampoules,0603020C0AAAAAA
,,AMP,30921211000001105,Betamethasone 4mg/1ml solution for injection ampoules,0603020C0AAAAAA
,,VMP,325344004,Betamethasone 500microgram soluble tablets sugar free,0603020C0AAABAB
,,AMP,21229111000001106,Betamethasone 500microgram soluble tablets sugar free,0603020C0AAABAB
,,AMP,21232511000001108,Betamethasone 500microgram soluble tablets sugar free,0603020C0AAABAB
,,AMP,37108411000001101,Betamethasone 500microgram soluble tablets sugar free,0603020C0AAABAB
,,AMP,38808011000001106,Betamethasone 500microgram soluble tablets sugar free,0603020C0AAABAB
,,AMP,22203611000001106,Betamethasone 500microgram soluble tablets sugar free,0603020C0AAABAB
,,AMP,21142211000001109,Betamethasone 500microgram soluble tablets sugar free,0603020C0AAABAB
,,AMP,3694811000001103,Betnesol 500microgram soluble tablets,0603020C0BBAAAB
,,AMP,3932011000001108,Betnesol 4mg/1ml solution for injection ampoules,0603020C0BBABAA
,,VMP,325349009,Cortisone 25mg tablets,0603020F0AAAHAH
,,AMP,3669611000001101,Cortisone 25mg tablets,0603020F0AAAHAH
,,AMP,3670511000001103,Cortisone 25mg tablets,0603020F0AAAHAH
,,AMP,11556011000001106,Cortisone 25mg tablets,0603020F0AAAHAH
,,AMP,20093711000001103,Cortisone 25mg tablets,0603020F0AAAHAH
,,VMP,11816411000001105,Cortisone 2.5mg/5ml oral solution,0603020F0AAAJAJ
,,VMP,11816511000001109,Cortisone 2.5mg/5ml oral suspension,0603020F0AAAJAJ
,,AMP,11800811000001108,Cortisone 2.5mg/5ml oral solution,0603020F0AAAJAJ
,,AMP,11800511000001105,Cortisone 2.5mg/5ml oral suspension,0603020F0AAAJAJ
,,VMP,8792411000001102,Cortisone 5mg capsules,0603020F0AAAKAK
,,AMP,8748411000001109,Cortisone 5mg capsules,0603020F0AAAKAK
,,VMP,8450411000001102,Cortisone 5mg/5ml oral suspension,0603020F0AAAMAM
,,AMP,8406711000001101,Cortisone 5mg/5ml oral suspension,0603020F0AAAMAM
,,VMP,8452411000001101,Dexamethasone 5mg/5ml oral solution,0603020G0AAA5A5
,,VMP,8452511000001102,Dexamethasone 5mg/5ml oral suspension,0603020G0AAA5A5
,,AMP,8432811000001103,Dexamethasone 5mg/5ml oral solution,0603020G0AAA5A5
,,AMP,8433511000001108,Dexamethasone 5mg/5ml oral suspension,0603020G0AAA5A5
,,VMP,11716011000001103,Dexamethasone 2mg/5ml oral solution,0603020G0AAA6A6
,,VMP,11716111000001102,Dexamethasone 2mg/5ml oral suspension,0603020G0AAA6A6
,,AMP,11691911000001100,Dexamethasone 2mg/5ml oral solution,0603020G0AAA6A6
,,AMP,11691411000001108,Dexamethasone 2mg/5ml oral suspension,0603020G0AAA6A6
,,VMP,325365005,Dexamethasone 500micrograms/5ml oral solution,0603020G0AAA7A7
,,VMP,8452311000001108,Dexamethasone 500micrograms/5ml oral suspension,0603020G0AAA7A7
,,AMP,8433011000001100,Dexamethasone 500micrograms/5ml oral solution,0603020G0AAA7A7
,,AMP,8434811000001109,Dexamethasone 500micrograms/5ml oral suspension,0603020G0AAA7A7
,,VMP,11716411000001107,Dexamethasone 4mg/5ml oral solution,0603020G0AAA8A8
,,VMP,11716511000001106,Dexamethasone 4mg/5ml oral suspension,0603020G0AAA8A8
,,AMP,11693411000001107,Dexamethasone 4mg/5ml oral solution,0603020G0AAA8A8
,,AMP,11693111000001102,Dexamethasone 4mg/5ml oral suspension,0603020G0AAA8A8
,,VMP,11716811000001109,Dexamethasone 8mg/5ml oral solution,0603020G0AAA9A9
,,VMP,11716911000001104,Dexamethasone 8mg/5ml oral suspension,0603020G0AAA9A9
,,AMP,11694611000001108,Dexamethasone 8mg/5ml oral solution,0603020G0AAA9A9
,,AMP,11694311000001103,Dexamethasone 8mg/5ml oral suspension,0603020G0AAA9A9
,,VMP,325355004,Dexamethasone 500microgram tablets,0603020G0AAABAB
,,AMP,3286511000001105,Dexamethasone 500microgram tablets,0603020G0AAABAB
,,AMP,38039211000001104,Dexamethasone 500microgram tablets,0603020G0AAABAB
,,AMP,3288811000001109,Dexamethasone 500microgram tablets,0603020G0AAABAB
,,AMP,32064711000001105,Dexamethasone 500microgram tablets,0603020G0AAABAB
,,AMP,35477511000001105,Dexamethasone 500microgram tablets,0603020G0AAABAB
,,AMP,30047811000001109,Dexamethasone 500microgram tablets,0603020G0AAABAB
,,AMP,15245611000001104,Dexamethasone 500microgram tablets,0603020G0AAABAB
,,AMP,37220711000001102,Dexamethasone 500microgram tablets,0603020G0AAABAB
,,AMP,3287811000001105,Dexamethasone 500microgram tablets,0603020G0AAABAB
,,AMP,29803711000001101,Dexamethasone 500microgram tablets,0603020G0AAABAB
,,AMP,24672711000001108,Dexamethasone 500microgram tablets,0603020G0AAABAB
,,VMP,325356003,Dexamethasone 2mg tablets,0603020G0AAADAD
,,AMP,3290311000001101,Dexamethasone 2mg tablets,0603020G0AAADAD
,,AMP,33634511000001106,Dexamethasone 2mg tablets,0603020G0AAADAD
,,AMP,3292011000001100,Dexamethasone 2mg tablets,0603020G0AAADAD
,,AMP,17967911000001107,Dexamethasone 2mg tablets,0603020G0AAADAD
,,AMP,3291411000001104,Dexamethasone 2mg tablets,0603020G0AAADAD
,,AMP,34045511000001104,Dexamethasone 2mg tablets,0603020G0AAADAD
,,AMP,23968511000001105,Dexamethasone 2mg tablets,0603020G0AAADAD
,,AMP,32404811000001106,Dexamethasone 2mg tablets,0603020G0AAADAD
,,AMP,37221211000001103,Dexamethasone 2mg tablets,0603020G0AAADAD
,,AMP,30809411000001107,Dexamethasone 2mg tablets,0603020G0AAADAD
,,AMP,38867211000001104,Dexamethasone 2mg tablets,0603020G0AAADAD
,,AMP,17890811000001109,Dexamethasone 2mg tablets,0603020G0AAADAD
,,AMP,15104911000001100,Dexamethasone 2mg tablets,0603020G0AAADAD
,,AMP,15628711000001100,Dexamethasone 2mg tablets,0603020G0AAADAD
,,AMP,21925111000001105,Dexamethasone 2mg tablets,0603020G0AAADAD
,,VMP,11612111000001109,Dexamethasone 10mg/5ml oral solution,0603020G0AABHBH
,,VMP,11714911000001107,Dexamethasone 10mg/5ml oral suspension,0603020G0AABHBH
,,AMP,11602311000001108,Dexamethasone 10mg/5ml oral solution,0603020G0AABHBH
,,AMP,11685611000001108,Dexamethasone 10mg/5ml oral suspension,0603020G0AABHBH
,,VMP,8429111000001103,Dexamethasone 1mg/5ml oral solution,0603020G0AABJBJ
,,VMP,8429011000001104,Dexamethasone 1mg/5ml oral suspension,0603020G0AABJBJ
,,AMP,8422611000001104,Dexamethasone 1mg/5ml oral solution,0603020G0AABJBJ
,,AMP,8423211000001107,Dexamethasone 1mg/5ml oral suspension,0603020G0AABJBJ
,,VMP,11715411000001103,Dexamethasone 16mg/5ml oral solution,0603020G0AABKBK
,,VMP,11715511000001104,Dexamethasone 16mg/5ml oral suspension,0603020G0AABKBK
,,AMP,11689211000001109,Dexamethasone 16mg/5ml oral solution,0603020G0AABKBK
,,AMP,11688611000001102,Dexamethasone 16mg/5ml oral suspension,0603020G0AABKBK
,,VMP,11715011000001107,Dexamethasone 14mg/5ml oral solution,0603020G0AABLBL
,,VMP,11715111000001108,Dexamethasone 14mg/5ml oral suspension,0603020G0AABLBL
,,AMP,11687111000001109,Dexamethasone 14mg/5ml oral solution,0603020G0AABLBL
,,AMP,11686511000001102,Dexamethasone 14mg/5ml oral suspension,0603020G0AABLBL
,,VMP,11715211000001102,Dexamethasone 16.7mg/5ml oral solution,0603020G0AABMBM
,,VMP,11715311000001105,Dexamethasone 16.7mg/5ml oral suspension,0603020G0AABMBM
,,AMP,11688011000001109,Dexamethasone 16.7mg/5ml oral solution,0603020G0AABMBM
,,AMP,11687711000001105,Dexamethasone 16.7mg/5ml oral suspension,0603020G0AABMBM
,,VMP,11716611000001105,Dexamethasone 6mg/5ml oral solution,0603020G0AABNBN
,,VMP,11716711000001101,Dexamethasone 6mg/5ml oral suspension,0603020G0AABNBN
,,AMP,11694011000001101,Dexamethasone 6mg/5ml oral solution,0603020G0AABNBN
,,AMP,11693711000001101,Dexamethasone 6mg/5ml oral suspension,0603020G0AABNBN
,,VMP,8792611000001104,Dexamethasone 100microgram capsules,0603020G0AABPBP
,,AMP,8747511000001109,Dexamethasone 100microgram capsules,0603020G0AABPBP
,,VMP,8452111000001106,Dexamethasone 2.5mg/5ml oral solution,0603020G0AABQBQ
,,VMP,8452211000001100,Dexamethasone 2.5mg/5ml oral suspension,0603020G0AABQBQ
,,AMP,8432311000001107,Dexamethasone 2.5mg/5ml oral solution,0603020G0AABQBQ
,,AMP,8432911000001108,Dexamethasone 2.5mg/5ml oral suspension,0603020G0AABQBQ
,,VMP,11714511000001100,Dexamethasone 1.25mg/5ml oral solution,0603020G0AABRBR
,,VMP,11714611000001101,Dexamethasone 1.25mg/5ml oral suspension,0603020G0AABRBR
,,AMP,11684711000001103,Dexamethasone 1.25mg/5ml oral solution,0603020G0AABRBR
,,AMP,11684111000001104,Dexamethasone 1.25mg/5ml oral suspension,0603020G0AABRBR
,,VMP,11715811000001101,Dexamethasone 250micrograms/5ml oral solution,0603020G0AABTBT
,,VMP,11715911000001106,Dexamethasone 250micrograms/5ml oral suspension,0603020G0AABTBT
,,AMP,11691011000001104,Dexamethasone 250micrograms/5ml oral solution,0603020G0AABTBT
,,AMP,11690411000001104,Dexamethasone 250micrograms/5ml oral suspension,0603020G0AABTBT
,,VMP,11714711000001105,Dexamethasone 1.5mg/5ml oral solution,0603020G0AABUBU
,,VMP,11714811000001102,Dexamethasone 1.5mg/5ml oral suspension,0603020G0AABUBU
,,AMP,11685311000001103,Dexamethasone 1.5mg/5ml oral solution,0603020G0AABUBU
,,AMP,11685011000001101,Dexamethasone 1.5mg/5ml oral suspension,0603020G0AABUBU
,,VMP,11715611000001100,Dexamethasone 20mg/5ml oral solution,0603020G0AABVBV
,,VMP,11715711000001109,Dexamethasone 20mg/5ml oral suspension,0603020G0AABVBV
,,AMP,11690111000001109,Dexamethasone 20mg/5ml oral solution,0603020G0AABVBV
,,AMP,11689511000001107,Dexamethasone 20mg/5ml oral suspension,0603020G0AABVBV
,,VMP,11716211000001108,Dexamethasone 3mg/5ml oral solution,0603020G0AABWBW
,,VMP,11716311000001100,Dexamethasone 3mg/5ml oral suspension,0603020G0AABWBW
,,AMP,11692611000001100,Dexamethasone 3mg/5ml oral solution,0603020G0AABWBW
,,AMP,11692211000001102,Dexamethasone 3mg/5ml oral suspension,0603020G0AABWBW
,,VMP,37084211000001103,Dexamethasone 2mg/5ml oral solution sugar free,0603020G0AABXBX
,,AMP,21926211000001105,Dexamethasone 2mg/5ml oral solution sugar free,0603020G0AABXBX
,,AMP,22404911000001102,Dexamethasone 2mg/5ml oral solution sugar free,0603020G0AABXBX
,,AMP,23968311000001104,Dexamethasone 2mg/5ml oral solution sugar free,0603020G0AABXBX
,,AMP,38867611000001102,Dexamethasone 2mg/5ml oral solution sugar free,0603020G0AABXBX
,,AMP,29803511000001106,Dexamethasone 2mg/5ml oral solution sugar free,0603020G0AABXBX
,,AMP,24648711000001107,Dexamethasone 2mg/5ml oral solution sugar free,0603020G0AABXBX
,,AMP,38718211000001102,Dexamethasone 2mg/5ml oral solution sugar free,0603020G0AABXBX
,,AMP,23590911000001106,Dexamethasone 2mg/5ml oral solution sugar free,0603020G0AABXBX
,,AMP,37956811000001109,Dexamethasone 2mg/5ml oral solution sugar free,0603020G0AABXBX
,,VMP,24580511000001101,Dexamethasone 10mg capsules,0603020G0AABYBY
,,AMP,24569711000001102,Dexamethasone 10mg capsules,0603020G0AABYBY
,,VMP,24350911000001102,Dexamethasone 10mg/5ml oral solution sugar free,0603020G0AABZBZ
,,AMP,24416211000001107,Dexamethasone 10mg/5ml oral solution sugar free,0603020G0AABZBZ
,,AMP,28876811000001106,Dexamethasone 10mg/5ml oral solution sugar free,0603020G0AABZBZ
,,AMP,24421311000001102,Dexamethasone 10mg/5ml oral solution sugar free,0603020G0AABZBZ
,,AMP,24343211000001103,Dexamethasone 10mg/5ml oral solution sugar free,0603020G0AABZBZ
,,AMP,29803311000001100,Dexamethasone 10mg/5ml oral solution sugar free,0603020G0AABZBZ
,,VMP,8429311000001101,Dexamethasone 100micrograms/5ml oral solution,0603020G0AACACA
,,VMP,8429211000001109,Dexamethasone 100micrograms/5ml oral suspension,0603020G0AACACA
,,AMP,8423711000001100,Dexamethasone 100micrograms/5ml oral solution,0603020G0AACACA
,,AMP,8424611000001107,Dexamethasone 100micrograms/5ml oral suspension,0603020G0AACACA
,,VMP,8428911000001108,Dexamethasone 200micrograms/5ml oral solution,0603020G0AACCCC
,,VMP,8428811000001103,Dexamethasone 200micrograms/5ml oral suspension,0603020G0AACCCC
,,AMP,8424011000001100,Dexamethasone 200micrograms/5ml oral solution,0603020G0AACCCC
,,AMP,8424411000001109,Dexamethasone 200micrograms/5ml oral suspension,0603020G0AACCCC
,,VMP,28881311000001104,Dexamethasone 20mg/5ml oral solution sugar free,0603020G0AACDCD
,,AMP,29224011000001100,Dexamethasone 20mg/5ml oral solution sugar free,0603020G0AACDCD
,,AMP,28877111000001101,Dexamethasone 20mg/5ml oral solution sugar free,0603020G0AACDCD
,,VMP,31141511000001103,Dexamethasone 400microgram capsules,0603020G0AACECE
,,AMP,31138811000001105,Dexamethasone 400microgram capsules,0603020G0AACECE
,,VMP,32071811000001109,Dexamethasone 2mg soluble tablets sugar free,0603020G0AACFCF
,,AMP,32400911000001106,Dexamethasone 2mg soluble tablets sugar free,0603020G0AACFCF
,,AMP,32418411000001103,Dexamethasone 2mg soluble tablets sugar free,0603020G0AACFCF
,,AMP,37602611000001104,Dexamethasone 2mg soluble tablets sugar free,0603020G0AACFCF
,,AMP,31959911000001105,Dexamethasone 2mg soluble tablets sugar free,0603020G0AACFCF
,,VMP,32072011000001106,Dexamethasone 8mg soluble tablets sugar free,0603020G0AACGCG
,,AMP,32401311000001100,Dexamethasone 8mg soluble tablets sugar free,0603020G0AACGCG
,,AMP,32418811000001101,Dexamethasone 8mg soluble tablets sugar free,0603020G0AACGCG
,,AMP,37603011000001102,Dexamethasone 8mg soluble tablets sugar free,0603020G0AACGCG
,,AMP,31961311000001100,Dexamethasone 8mg soluble tablets sugar free,0603020G0AACGCG
,,VMP,32071911000001104,Dexamethasone 4mg soluble tablets sugar free,0603020G0AACHCH
,,AMP,32401111000001102,Dexamethasone 4mg soluble tablets sugar free,0603020G0AACHCH
,,AMP,32418611000001100,Dexamethasone 4mg soluble tablets sugar free,0603020G0AACHCH
,,AMP,37602811000001100,Dexamethasone 4mg soluble tablets sugar free,0603020G0AACHCH
,,AMP,31961811000001109,Dexamethasone 4mg soluble tablets sugar free,0603020G0AACHCH
,,VMP,376688006,Dexamethasone 4mg tablets,0603020G0AACICI
,,AMP,33557411000001107,Dexamethasone 4mg tablets,0603020G0AACICI
,,AMP,37628711000001102,Dexamethasone 4mg tablets,0603020G0AACICI
,,AMP,34464111000001106,Dexamethasone 4mg tablets,0603020G0AACICI
,,AMP,33497811000001107,Dexamethasone 4mg tablets,0603020G0AACICI
,,AMP,37236811000001109,Dexamethasone 4mg tablets,0603020G0AACICI
,,AMP,38867411000001100,Dexamethasone 4mg tablets,0603020G0AACICI
,,AMP,35560411000001105,Dexamethasone 4mg tablets,0603020G0AACICI
,,VMP,34796811000001100,Dexamethasone 40mg tablets,0603020G0AACJCJ
,,VMP,35574111000001104,Dexamethasone 8mg tablets,0603020G0AACKCK
,,AMP,35632011000001100,Dexamethasone 8mg tablets,0603020G0AACKCK
,,AMP,35561711000001107,Dexamethasone 8mg tablets,0603020G0AACKCK
,,AMP,3286911000001103,Decadron 500microgram tablets,0603020G0BBAAAB
,,AMP,3851611000001100,Dexsol 2mg/5ml oral solution,0603020G0BEAABX
,,AMP,19792911000001107,Martapan 2mg/5ml oral solution,0603020G0BFAABX
,,AMP,34743111000001109,Glensoludex 2mg soluble tablets,0603020G0BGAACF
,,AMP,34743411000001104,Glensoludex 4mg soluble tablets,0603020G0BGABCH
,,AMP,34743611000001101,Glensoludex 8mg soluble tablets,0603020G0BGACCG
,,AMP,34789811000001105,Neofordex 40mg tablets,0603020G0BHAACJ
,,VMP,4052711000001101,Dexamethasone 4mg/1ml solution for injection ampoules,0603020H0AAABAB
,,AMP,4044111000001107,Dexamethasone 4mg/1ml solution for injection ampoules,0603020H0AAABAB
,,AMP,4045311000001108,Dexamethasone 4mg/1ml solution for injection ampoules,0603020H0AAABAB
,,AMP,4044311000001109,Dexamethasone 4mg/1ml solution for injection ampoules,0603020H0AAABAB
,,VMP,9154711000001101,Dexamethasone 100mg/5ml solution for injection vials,0603020H0AAAIAI
,,AMP,9222411000001104,Dexamethasone 100mg/5ml solution for injection vials,0603020H0AAAIAI
,,AMP,9119711000001107,Dexamethasone 100mg/5ml solution for injection vials,0603020H0AAAIAI
,,VMP,4052811000001109,Dexamethasone 8mg/2ml solution for injection vials,0603020H0AAAKAK
,,AMP,4042711000001103,Dexamethasone 8mg/2ml solution for injection vials,0603020H0AAAKAK
,,AMP,4043611000001102,Dexamethasone 8mg/2ml solution for injection vials,0603020H0AAAKAK
,,AMP,4043411000001100,Dexamethasone 8mg/2ml solution for injection vials,0603020H0AAAKAK
,,VMP,27957911000001102,Dexamethasone (base) 3.8mg/1ml solution for injection vials,0603020H0AAALAL
,,AMP,28041311000001105,Dexamethasone (base) 3.8mg/1ml solution for injection vials,0603020H0AAALAL
,,AMP,28040011000001103,Dexamethasone (base) 3.8mg/1ml solution for injection vials,0603020H0AAALAL
,,AMP,27943411000001100,Dexamethasone (base) 3.8mg/1ml solution for injection vials,0603020H0AAALAL
,,VMP,325472005,Deflazacort 6mg tablets,0603020I0AAAAAA
,,VMP,325474006,Deflazacort 30mg tablets,0603020I0AAACAC
,,VMP,325476008,Deflazacort 1mg tablets,0603020I0AAADAD
,,AMP,15449611000001100,Deflazacort 1mg tablets,0603020I0AAADAD
,,VMP,33037911000001102,Deflazacort 22.75mg/1ml oral suspension,0603020I0AAAFAF
,,AMP,32989611000001109,Deflazacort 22.75mg/1ml oral suspension,0603020I0AAAFAF
,,AMP,3756411000001107,Calcort 6mg tablets,0603020I0BBAAAA
,,AMP,3960211000001106,Calcort 30mg tablets,0603020I0BBABAC
,,AMP,3850711000001101,Calcort 1mg tablets,0603020I0BBACAD
,,VMP,15533611000001108,Hydrocortisone 2.5mg capsules,0603020J0AAA5A5
,,AMP,15524111000001100,Hydrocortisone 2.5mg capsules,0603020J0AAA5A5
,,VMP,325373001,Hydrocortisone 10mg tablets,0603020J0AAADAD
,,AMP,13614311000001105,Hydrocortisone 10mg tablets,0603020J0AAADAD
,,AMP,13661711000001105,Hydrocortisone 10mg tablets,0603020J0AAADAD
,,AMP,33423211000001105,Hydrocortisone 10mg tablets,0603020J0AAADAD
,,AMP,32711611000001102,Hydrocortisone 10mg tablets,0603020J0AAADAD
,,AMP,13806811000001104,Hydrocortisone 10mg tablets,0603020J0AAADAD
,,AMP,17973911000001105,Hydrocortisone 10mg tablets,0603020J0AAADAD
,,AMP,34616211000001108,Hydrocortisone 10mg tablets,0603020J0AAADAD
,,AMP,24154111000001101,Hydrocortisone 10mg tablets,0603020J0AAADAD
,,AMP,35108911000001105,Hydrocortisone 10mg tablets,0603020J0AAADAD
,,AMP,34957811000001100,Hydrocortisone 10mg tablets,0603020J0AAADAD
,,AMP,37126311000001101,Hydrocortisone 10mg tablets,0603020J0AAADAD
,,AMP,38070711000001101,Hydrocortisone 10mg tablets,0603020J0AAADAD
,,AMP,37494211000001109,Hydrocortisone 10mg tablets,0603020J0AAADAD
,,AMP,17930211000001109,Hydrocortisone 10mg tablets,0603020J0AAADAD
,,AMP,36508411000001105,Hydrocortisone 10mg tablets,0603020J0AAADAD
,,AMP,15092711000001102,Hydrocortisone 10mg tablets,0603020J0AAADAD
,,AMP,18392311000001107,Hydrocortisone 10mg tablets,0603020J0AAADAD
,,AMP,22044411000001106,Hydrocortisone 10mg tablets,0603020J0AAADAD
,,VMP,325374007,Hydrocortisone 20mg tablets,0603020J0AAAEAE
,,AMP,13614511000001104,Hydrocortisone 20mg tablets,0603020J0AAAEAE
,,AMP,13661911000001107,Hydrocortisone 20mg tablets,0603020J0AAAEAE
,,AMP,34702511000001102,Hydrocortisone 20mg tablets,0603020J0AAAEAE
,,AMP,13807011000001108,Hydrocortisone 20mg tablets,0603020J0AAAEAE
,,AMP,17974111000001109,Hydrocortisone 20mg tablets,0603020J0AAAEAE
,,AMP,34616411000001107,Hydrocortisone 20mg tablets,0603020J0AAAEAE
,,AMP,24154311000001104,Hydrocortisone 20mg tablets,0603020J0AAAEAE
,,AMP,35109111000001100,Hydrocortisone 20mg tablets,0603020J0AAAEAE
,,AMP,34958011000001107,Hydrocortisone 20mg tablets,0603020J0AAAEAE
,,AMP,32407611000001101,Hydrocortisone 20mg tablets,0603020J0AAAEAE
,,AMP,37089411000001100,Hydrocortisone 20mg tablets,0603020J0AAAEAE
,,AMP,38063711000001102,Hydrocortisone 20mg tablets,0603020J0AAAEAE
,,AMP,17930411000001108,Hydrocortisone 20mg tablets,0603020J0AAAEAE
,,AMP,36508611000001108,Hydrocortisone 20mg tablets,0603020J0AAAEAE
,,AMP,15092911000001100,Hydrocortisone 20mg tablets,0603020J0AAAEAE
,,AMP,29837011000001103,Hydrocortisone 20mg tablets,0603020J0AAAEAE
,,AMP,18394311000001100,Hydrocortisone 20mg tablets,0603020J0AAAEAE
,,AMP,22044611000001109,Hydrocortisone 20mg tablets,0603020J0AAAEAE
,,VMP,28422811000001103,Hydrocortisone 5mg/5ml oral solution,0603020J0AAAJAJ
,,AMP,28418711000001102,Hydrocortisone 5mg/5ml oral solution,0603020J0AAAJAJ
,,VMP,8581111000001102,Hydrocortisone 10mg/5ml oral suspension,0603020J0AAAKAK
,,AMP,8532311000001100,Hydrocortisone 10mg/5ml oral suspension,0603020J0AAAKAK
,,VMP,8581611000001105,Hydrocortisone 5mg/5ml oral suspension,0603020J0AAAXAX
,,AMP,8531811000001100,Hydrocortisone 5mg/5ml oral suspension,0603020J0AAAXAX
,,VMP,8581211000001108,Hydrocortisone 12.5mg/5ml oral suspension,0603020J0AABBBB
,,AMP,8533511000001104,Hydrocortisone 12.5mg/5ml oral suspension,0603020J0AABBBB
,,VMP,8581311000001100,Hydrocortisone 2.5mg/5ml oral suspension,0603020J0AABCBC
,,AMP,8532411000001107,Hydrocortisone 2.5mg/5ml oral suspension,0603020J0AABCBC
,,VMP,12540711000001109,Hydrocortisone 1mg/5ml oral suspension,0603020J0AABDBD
,,AMP,12529911000001103,Hydrocortisone 1mg/5ml oral suspension,0603020J0AABDBD
,,VMP,12555211000001108,Hydrocortisone 50mg/5ml oral suspension,0603020J0AABJBJ
,,AMP,12553411000001108,Hydrocortisone 50mg/5ml oral suspension,0603020J0AABJBJ
,,VMP,8581511000001106,Hydrocortisone 25mg/5ml oral suspension,0603020J0AABLBL
,,AMP,8531111000001107,Hydrocortisone 25mg/5ml oral suspension,0603020J0AABLBL
,,VMP,12541011000001103,Hydrocortisone 2mg/5ml oral suspension,0603020J0AABMBM
,,AMP,12531011000001104,Hydrocortisone 2mg/5ml oral suspension,0603020J0AABMBM
,,VMP,12554911000001103,Hydrocortisone 3mg/5ml oral suspension,0603020J0AABNBN
,,AMP,12552211000001103,Hydrocortisone 3mg/5ml oral suspension,0603020J0AABNBN
,,VMP,15436911000001101,Hydrocortisone 2mg capsules,0603020J0AABRBR
,,AMP,15427611000001107,Hydrocortisone 2mg capsules,0603020J0AABRBR
,,VMP,12563611000001103,Hydrocortisone 7.5mg/5ml oral suspension,0603020J0AABSBS
,,AMP,12555711000001101,Hydrocortisone 7.5mg/5ml oral suspension,0603020J0AABSBS
,,VMP,20455311000001102,Hydrocortisone 1mg capsules,0603020J0AABTBT
,,AMP,20428711000001106,Hydrocortisone 1mg capsules,0603020J0AABTBT
,,VMP,12540311000001105,Hydrocortisone 1.5mg/5ml oral suspension,0603020J0AABUBU
,,AMP,12528511000001104,Hydrocortisone 1.5mg/5ml oral suspension,0603020J0AABUBU
,,VMP,8581411000001107,Hydrocortisone 20mg/5ml oral suspension,0603020J0AABVBV
,,AMP,8533211000001102,Hydrocortisone 20mg/5ml oral suspension,0603020J0AABVBV
,,VMP,12540811000001101,Hydrocortisone 2.6mg/5ml oral suspension,0603020J0AABWBW
,,AMP,12530211000001103,Hydrocortisone 2.6mg/5ml oral suspension,0603020J0AABWBW
,,VMP,12554811000001108,Hydrocortisone 30mg/5ml oral suspension,0603020J0AABYBY
,,AMP,12551911000001101,Hydrocortisone 30mg/5ml oral suspension,0603020J0AABYBY
,,VMP,12540911000001106,Hydrocortisone 250micrograms/5ml oral suspension,0603020J0AABZBZ
,,AMP,12530511000001100,Hydrocortisone 250micrograms/5ml oral suspension,0603020J0AABZBZ
,,VMP,12540411000001103,Hydrocortisone 100mg/5ml oral suspension,0603020J0AACACA
,,AMP,12528911000001106,Hydrocortisone 100mg/5ml oral suspension,0603020J0AACACA
,,VMP,12555511000001106,Hydrocortisone 6mg/5ml oral suspension,0603020J0AACBCB
,,AMP,12554011000001102,Hydrocortisone 6mg/5ml oral suspension,0603020J0AACBCB
,,VMP,12554711000001100,Hydrocortisone 3.75mg/5ml oral suspension,0603020J0AACDCD
,,AMP,12551611000001107,Hydrocortisone 3.75mg/5ml oral suspension,0603020J0AACDCD
,,VMP,12555411000001107,Hydrocortisone 6.25mg/5ml oral suspension,0603020J0AACFCF
,,AMP,12553711000001102,Hydrocortisone 6.25mg/5ml oral suspension,0603020J0AACFCF
,,VMP,12555111000001102,Hydrocortisone 4mg/5ml oral suspension,0603020J0AACGCG
,,AMP,12552811000001102,Hydrocortisone 4mg/5ml oral suspension,0603020J0AACGCG
,,VMP,12555011000001103,Hydrocortisone 4.25mg/5ml oral suspension,0603020J0AACICI
,,AMP,12552511000001100,Hydrocortisone 4.25mg/5ml oral suspension,0603020J0AACICI
,,VMP,12554611000001109,Hydrocortisone 3.6mg/5ml oral suspension,0603020J0AACJCJ
,,AMP,12551311000001102,Hydrocortisone 3.6mg/5ml oral suspension,0603020J0AACJCJ
,,VMP,12563911000001109,Hydrocortisone 85micrograms/5ml oral suspension,0603020J0AACKCK
,,AMP,12558711000001108,Hydrocortisone 85micrograms/5ml oral suspension,0603020J0AACKCK
,,VMP,12540511000001104,Hydrocortisone 13.95mg/5ml oral suspension,0603020J0AACLCL
,,AMP,12529311000001104,Hydrocortisone 13.95mg/5ml oral suspension,0603020J0AACLCL
,,VMP,12555311000001100,Hydrocortisone 50micrograms/5ml oral suspension,0603020J0AACMCM
,,AMP,12553111000001103,Hydrocortisone 50micrograms/5ml oral suspension,0603020J0AACMCM
,,VMP,12563811000001104,Hydrocortisone 7mg/5ml oral suspension,0603020J0AACQCQ
,,AMP,12558411000001102,Hydrocortisone 7mg/5ml oral suspension,0603020J0AACQCQ
,,VMP,12540611000001100,Hydrocortisone 18mg/5ml oral suspension,0603020J0AACTCT
,,AMP,12529611000001109,Hydrocortisone 18mg/5ml oral suspension,0603020J0AACTCT
,,VMP,12563711000001107,Hydrocortisone 75mg/5ml oral suspension,0603020J0AACUCU
,,AMP,12556011000001107,Hydrocortisone 75mg/5ml oral suspension,0603020J0AACUCU
,,VMP,21496411000001103,Hydrocortisone 5mg modified-release tablets,0603020J0AACVCV
,,VMP,21496311000001105,Hydrocortisone 20mg modified-release tablets,0603020J0AACWCW
,,VMP,35776011000001106,Hydrocortisone 500microgram granules in capsules for opening,0603020J0AACXCX
,,VMP,35775611000001109,Hydrocortisone 1mg granules in capsules for opening,0603020J0AACYCY
,,VMP,35775711000001100,Hydrocortisone 2mg granules in capsules for opening,0603020J0AACZCZ
,,VMP,35776111000001107,Hydrocortisone 5mg granules in capsules for opening,0603020J0AADADA
,,VMP,36595311000001105,Hydrocortisone 10mg soluble tablets sugar free,0603020J0AADBDB
,,AMP,37492011000001105,Hydrocortisone 10mg soluble tablets sugar free,0603020J0AADBDB
,,AMP,36586911000001100,Hydrocortisone 10mg soluble tablets sugar free,0603020J0AADBDB
,,AMP,197211000001101,Hydrocortone 10mg tablets,0603020J0BCAAAD
,,AMP,706611000001109,Hydrocortone 20mg tablets,0603020J0BCABAE
,,AMP,21494611000001109,Plenadren 5mg modified-release tablets,0603020J0BEAACV
,,AMP,21494911000001103,Plenadren 20mg modified-release tablets,0603020J0BEABCW
,,AMP,35699311000001104,Alkindi 0.5mg granules in capsules for opening,0603020J0BFAACX
,,AMP,35700011000001101,Alkindi 1mg granules in capsules for opening,0603020J0BFABCY
,,AMP,35700311000001103,Alkindi 2mg granules in capsules for opening,0603020J0BFACCZ
,,AMP,35697611000001104,Alkindi 5mg granules in capsules for opening,0603020J0BFADDA
,,AMP,36917711000001106,Hydventia 10mg tablets,0603020J0BGAAAD
,,AMP,36917511000001101,Hydventia 20mg tablets,0603020J0BGABAE
,,VMP,4396911000001107,Methylprednisolone sodium succinate 40mg powder and solvent for solution for injection vials,0603020K0AAAAAA
,,AMP,30807511000001104,Methylprednisolone sodium succinate 40mg powder and solvent for solution for injection vials,0603020K0AAAAAA
,,VMP,4396711000001105,Methylprednisolone sodium succinate 125mg powder and solvent for solution for injection vials,0603020K0AAABAB
,,VMP,4195411000001101,Methylprednisolone sodium succinate 500mg powder and solvent for solution for injection vials,0603020K0AAACAC
,,AMP,22128311000001101,Methylprednisolone sodium succinate 500mg powder and solvent for solution for injection vials,0603020K0AAACAC
,,AMP,20129111000001104,Methylprednisolone sodium succinate 500mg powder and solvent for solution for injection vials,0603020K0AAACAC
,,VMP,4195311000001108,Methylprednisolone sodium succinate 1g powder and solvent for solution for injection vials,0603020K0AAADAD
,,AMP,22128611000001106,Methylprednisolone sodium succinate 1g powder and solvent for solution for injection vials,0603020K0AAADAD
,,AMP,20129311000001102,Methylprednisolone sodium succinate 1g powder and solvent for solution for injection vials,0603020K0AAADAD
,,VMP,4396811000001102,Methylprednisolone sodium succinate 2g powder and solvent for solution for injection vials,0603020K0AAAEAE
,,AMP,4393011000001100,Solu-Medrone 40mg powder and solvent for solution for injection vials,0603020K0BCAAAA
,,AMP,4392411000001100,Solu-Medrone 125mg powder and solvent for solution for injection vials,0603020K0BCABAB
,,AMP,4179311000001102,Solu-Medrone 500mg powder and solvent for solution for injection vials,0603020K0BCACAC
,,AMP,4180211000001105,Solu-Medrone 1g powder and solvent for solution for injection vials,0603020K0BCADAD
,,AMP,4392711000001106,Solu-Medrone 2g powder and solvent for solution for injection vials,0603020K0BCAEAE
,,VMP,36056911000001108,Hydrocortisone sodium phosphate 100mg/1ml solution for injection ampoules,0603020L0AAABAB
,,AMP,30393911000001101,Hydrocortisone sodium phosphate 100mg/1ml solution for injection ampoules,0603020L0AAABAB
,,VMP,36057011000001107,Hydrocortisone sodium phosphate 500mg/5ml solution for injection ampoules,0603020L0AAACAC
,,AMP,30394611000001105,Hydrocortisone sodium phosphate 500mg/5ml solution for injection ampoules,0603020L0AAACAC
,,AMP,3852011000001104,Efcortesol 100mg/1ml solution for injection ampoules,0603020L0BBAAAB
,,AMP,4888811000001103,Efcortesol 500mg/5ml solution for injection ampoules,0603020L0BBABAC
,,VMP,4195211000001100,Hydrocortisone sodium succinate 100mg powder and solvent for solution for injection vials,0603020M0AAAAAA
,,VMP,13893711000001102,Hydrocortisone sodium succinate 100mg powder for solution for injection vials,0603020M0AAAEAE
,,AMP,38536611000001108,Hydrocortisone sodium succinate 100mg powder for solution for injection vials,0603020M0AAAEAE
,,AMP,4182611000001108,Solu-Cortef 100mg powder and solvent for solution for injection vials,0603020M0BCAAAA
,,AMP,13871211000001104,Solu-Cortef 100mg powder for solution for injection vials,0603020M0BCABAE
,,VMP,325411009,Methylprednisolone 2mg tablets,0603020S0AAAAAA
,,VMP,325412002,Methylprednisolone 4mg tablets,0603020S0AAABAB
,,VMP,325413007,Methylprednisolone 16mg tablets,0603020S0AAACAC
,,VMP,325410005,Methylprednisolone 100mg tablets,0603020S0AAADAD
,,VMP,13005411000001106,Methylprednisolone 1mg/5ml oral suspension,0603020S0AAAEAE
,,AMP,12950111000001100,Methylprednisolone 1mg/5ml oral suspension,0603020S0AAAEAE
,,AMP,4051211000001101,Medrone 2mg tablets,0603020S0BBAAAA
,,AMP,4051611000001104,Medrone 4mg tablets,0603020S0BBABAB
,,AMP,4051911000001105,Medrone 16mg tablets,0603020S0BBACAC
,,AMP,4052211000001108,Medrone 100mg tablets,0603020S0BBADAD
325426006,Product containing precisely prednisolone 1 milligram/1 each conventional release oral tablet (clinical drug),VMP,325426006,Prednisolone 1mg tablets,0603020T0AAAAAA
649711000001109,Prednisolone 1mg tablets (A A H Pharmaceuticals Ltd) (product),AMP,649711000001109,Prednisolone 1mg tablets,0603020T0AAAAAA
646211000001106,Prednisolone 1mg tablets (Accord Healthcare Ltd) (product),AMP,646211000001106,Prednisolone 1mg tablets,0603020T0AAAAAA
52911000001107,Prednisolone 1mg tablets (Unichem Plc) (product),AMP,52911000001107,Prednisolone 1mg tablets,0603020T0AAAAAA
9807711000001108,Prednisolone 1mg tablets (Almus Pharmaceutical Ltd) (product),AMP,9807711000001108,Prednisolone 1mg tablets,0603020T0AAAAAA
10409611000001103,Prednisolone 1mg tablets (Arrow Generics Ltd) (product),AMP,10409611000001103,Prednisolone 1mg tablets,0603020T0AAAAAA
14786411000001103,Prednisolone 1mg tablets (LPC Medical (UK) Ltd) (product),AMP,14786411000001103,Prednisolone 1mg tablets,0603020T0AAAAAA
30114811000001104,Prednisolone 1mg tablets (DE Pharmaceuticals) (product),AMP,30114811000001104,Prednisolone 1mg tablets,0603020T0AAAAAA
32807911000001101,Prednisolone 1mg tablets (Genesis Pharmaceuticals Ltd) (product),AMP,32807911000001101,Prednisolone 1mg tablets,0603020T0AAAAAA
707911000001100,Prednisolone 1mg tablets (Kent Pharmaceuticals Ltd) (product),AMP,707911000001100,Prednisolone 1mg tablets,0603020T0AAAAAA
30858911000001100,Prednisolone 1mg tablets (Mawdsley-Brooks & Company Ltd) (product),AMP,30858911000001100,Prednisolone 1mg tablets,0603020T0AAAAAA
15175511000001102,Prednisolone 1mg tablets (Sigma Pharmaceuticals Plc) (product),AMP,15175511000001102,Prednisolone 1mg tablets,0603020T0AAAAAA
18285011000001109,Prednisolone 1mg tablets (Co-Pharma Ltd) (product),AMP,18285011000001109,Prednisolone 1mg tablets,0603020T0AAAAAA
238511000001107,Prednisolone 1mg tablets (Approved Prescription Services) (product),AMP,238511000001107,Prednisolone 1mg tablets,0603020T0AAAAAA
798611000001108,Prednisolone 1mg tablets (The Boots Company) (product),AMP,798611000001108,Prednisolone 1mg tablets,0603020T0AAAAAA
21851211000001107,Prednisolone 1mg tablets (Waymade Healthcare Plc) (product),AMP,21851211000001107,Prednisolone 1mg tablets,0603020T0AAAAAA
844111000001103,Prednisolone 1mg tablets (C P Pharmaceuticals Ltd) (product),AMP,844111000001103,Prednisolone 1mg tablets,0603020T0AAAAAA
28808611000001100,Prednisolone 2.5mg tablets (product),VMP,28808611000001100,Prednisolone 2.5mg tablets,0603020T0AAABAB
32776111000001109,Prednisolone 2.5mg tablets (A A H Pharmaceuticals Ltd) (product),AMP,32776111000001109,Prednisolone 2.5mg tablets,0603020T0AAABAB
32772911000001108,Prednisolone 2.5mg tablets (Accord Healthcare Ltd) (product),AMP,32772911000001108,Prednisolone 2.5mg tablets,0603020T0AAABAB
325427002,Product containing precisely prednisolone 5 milligram/1 each conventional release oral tablet (clinical drug),VMP,325427002,Prednisolone 5mg tablets,0603020T0AAACAC
876911000001107,Prednisolone 5mg tablets (A A H Pharmaceuticals Ltd) (product),AMP,876911000001107,Prednisolone 5mg tablets,0603020T0AAACAC
85511000001101,Prednisolone 5mg tablets (Alpharma Limited) (product),AMP,85511000001101,Prednisolone 5mg tablets,0603020T0AAACAC
772111000001107,Prednisolone 5mg tablets (Unichem Plc) (product),AMP,772111000001107,Prednisolone 5mg tablets,0603020T0AAACAC
9807911000001105,Prednisolone 5mg tablets (Almus Pharmaceutical Ltd) (product),AMP,9807911000001105,Prednisolone 5mg tablets,0603020T0AAACAC
10410111000001103,Prednisolone 5mg tablets (Arrow Generics Ltd) (product),AMP,10410111000001103,Prednisolone 5mg tablets,0603020T0AAACAC
14786811000001101,Prednisolone 5mg tablets (LPC Medical (UK) Ltd) (product),AMP,14786811000001101,Prednisolone 5mg tablets,0603020T0AAACAC
30115011000001109,Prednisolone 5mg tablets (DE Pharmaceuticals) (product),AMP,30115011000001109,Prednisolone 5mg tablets,0603020T0AAACAC
32808311000001101,Prednisolone 5mg tablets (Genesis Pharmaceuticals Ltd) (product),AMP,32808311000001101,Prednisolone 5mg tablets,0603020T0AAACAC
350611000001104,Prednisolone 5mg tablets (Kent Pharmaceuticals Ltd) (product),AMP,350611000001104,Prednisolone 5mg tablets,0603020T0AAACAC
30859111000001105,Prednisolone 5mg tablets (Mawdsley-Brooks & Company Ltd) (product),AMP,30859111000001105,Prednisolone 5mg tablets,0603020T0AAACAC
18625211000001107,Prednisolone 5mg tablets (Phoenix Healthcare Distribution Ltd) (product),AMP,18625211000001107,Prednisolone 5mg tablets,0603020T0AAACAC
18285211000001104,Prednisolone 5mg tablets (Co-Pharma Ltd) (product),AMP,18285211000001104,Prednisolone 5mg tablets,0603020T0AAACAC
110811000001100,Prednisolone 5mg tablets (Approved Prescription Services) (product),AMP,110811000001100,Prednisolone 5mg tablets,0603020T0AAACAC
86711000001103,Prednisolone 5mg tablets (The Boots Company) (product),AMP,86711000001103,Prednisolone 5mg tablets,0603020T0AAACAC
21851411000001106,Prednisolone 5mg tablets (Waymade Healthcare Plc) (product),AMP,21851411000001106,Prednisolone 5mg tablets,0603020T0AAACAC
940311000001100,Prednisolone 5mg tablets (C P Pharmaceuticals Ltd) (product),AMP,940311000001100,Prednisolone 5mg tablets,0603020T0AAACAC
325445002,Product containing precisely prednisolone 50 milligram/1 each conventional release oral tablet (clinical drug),VMP,325445002,Prednisolone 50mg tablets,0603020T0AAAEAE
4752611000001107,Prednisolone 50mg tablets (A A H Pharmaceuticals Ltd) (product),AMP,4752611000001107,Prednisolone 50mg tablets,0603020T0AAAEAE
4752811000001106,Prednisolone 50mg tablets (Approved Prescription Services) (product),AMP,4752811000001106,Prednisolone 50mg tablets,0603020T0AAAEAE
325442004,Product containing precisely prednisolone 2.5 milligram/1 each gastro-resistant oral tablet (clinical drug),VMP,325442004,Prednisolone 2.5mg gastro-resistant tablets,0603020T0AAAFAF
858811000001104,Prednisolone 2.5mg gastro-resistant tablets (A A H Pharmaceuticals Ltd) (product),AMP,858811000001104,Prednisolone 2.5mg gastro-resistant tablets,0603020T0AAAFAF
380011000001100,Prednisolone 2.5mg gastro-resistant tablets (Accord Healthcare Ltd) (product),AMP,380011000001100,Prednisolone 2.5mg gastro-resistant tablets,0603020T0AAAFAF
779211000001109,Prednisolone 2.5mg gastro-resistant tablets (Unichem Plc) (product),AMP,779211000001109,Prednisolone 2.5mg gastro-resistant tablets,0603020T0AAAFAF
19743011000001109,Prednisolone 2.5mg gastro-resistant tablets (Almus Pharmaceuticals Ltd) (product),AMP,19743011000001109,Prednisolone 2.5mg gastro-resistant tablets,0603020T0AAAFAF
4208511000001105,Prednisolone 2.5mg gastro-resistant tablets (Approved Prescription Services) (product),AMP,4208511000001105,Prednisolone 2.5mg gastro-resistant tablets,0603020T0AAAFAF
36568211000001107,Prednisolone 2.5mg gastro-resistant tablets (Bristol Laboratories Ltd) (product),AMP,36568211000001107,Prednisolone 2.5mg gastro-resistant tablets,0603020T0AAAFAF
30114011000001105,Prednisolone 2.5mg gastro-resistant tablets (DE Pharmaceuticals) (product),AMP,30114011000001105,Prednisolone 2.5mg gastro-resistant tablets,0603020T0AAAFAF
685311000001104,Prednisolone 2.5mg gastro-resistant tablets (Kent Pharmaceuticals Ltd) (product),AMP,685311000001104,Prednisolone 2.5mg gastro-resistant tablets,0603020T0AAAFAF
37130211000001109,Prednisolone 2.5mg gastro-resistant tablets (Mawdsley-Brooks & Company Ltd) (product),AMP,37130211000001109,Prednisolone 2.5mg gastro-resistant tablets,0603020T0AAAFAF
17916411000001100,Prednisolone 2.5mg gastro-resistant tablets (Phoenix Healthcare Distribution Ltd) (product),AMP,17916411000001100,Prednisolone 2.5mg gastro-resistant tablets,0603020T0AAAFAF
17999311000001104,Prednisolone 2.5mg gastro-resistant tablets (Phoenix Labs Ltd) (product),AMP,17999311000001104,Prednisolone 2.5mg gastro-resistant tablets,0603020T0AAAFAF
15175711000001107,Prednisolone 2.5mg gastro-resistant tablets (Sigma Pharmaceuticals Plc) (product),AMP,15175711000001107,Prednisolone 2.5mg gastro-resistant tablets,0603020T0AAAFAF
18307011000001109,Prednisolone 2.5mg gastro-resistant tablets (Teva UK Ltd) (product),AMP,18307011000001109,Prednisolone 2.5mg gastro-resistant tablets,0603020T0AAAFAF
22452711000001102,Prednisolone 2.5mg gastro-resistant tablets (Waymade Healthcare Plc) (product),AMP,22452711000001102,Prednisolone 2.5mg gastro-resistant tablets,0603020T0AAAFAF
325443009,Product containing precisely prednisolone 5 milligram/1 each gastro-resistant oral tablet (clinical drug),VMP,325443009,Prednisolone 5mg gastro-resistant tablets,0603020T0AAAGAG
662011000001105,Prednisolone 5mg gastro-resistant tablets (A A H Pharmaceuticals Ltd) (product),AMP,662011000001105,Prednisolone 5mg gastro-resistant tablets,0603020T0AAAGAG
512811000001108,Prednisolone 5mg gastro-resistant tablets (Accord Healthcare Ltd) (product),AMP,512811000001108,Prednisolone 5mg gastro-resistant tablets,0603020T0AAAGAG
255211000001101,Prednisolone 5mg gastro-resistant tablets (Unichem Plc) (product),AMP,255211000001101,Prednisolone 5mg gastro-resistant tablets,0603020T0AAAGAG
19743211000001104,Prednisolone 5mg gastro-resistant tablets (Almus Pharmaceuticals Ltd) (product),AMP,19743211000001104,Prednisolone 5mg gastro-resistant tablets,0603020T0AAAGAG
4208911000001103,Prednisolone 5mg gastro-resistant tablets (Approved Prescription Services) (product),AMP,4208911000001103,Prednisolone 5mg gastro-resistant tablets,0603020T0AAAGAG
34444511000001106,Prednisolone 5mg gastro-resistant tablets (Bristol Laboratories Ltd) (product),AMP,34444511000001106,Prednisolone 5mg gastro-resistant tablets,0603020T0AAAGAG
30114311000001108,Prednisolone 5mg gastro-resistant tablets (DE Pharmaceuticals) (product),AMP,30114311000001108,Prednisolone 5mg gastro-resistant tablets,0603020T0AAAGAG
447211000001105,Prednisolone 5mg gastro-resistant tablets (Kent Pharmaceuticals Ltd) (product),AMP,447211000001105,Prednisolone 5mg gastro-resistant tablets,0603020T0AAAGAG
37130611000001106,Prednisolone 5mg gastro-resistant tablets (Mawdsley-Brooks & Company Ltd) (product),AMP,37130611000001106,Prednisolone 5mg gastro-resistant tablets,0603020T0AAAGAG
17916811000001103,Prednisolone 5mg gastro-resistant tablets (Phoenix Healthcare Distribution Ltd) (product),AMP,17916811000001103,Prednisolone 5mg gastro-resistant tablets,0603020T0AAAGAG
17999611000001109,Prednisolone 5mg gastro-resistant tablets (Phoenix Labs Ltd) (product),AMP,17999611000001109,Prednisolone 5mg gastro-resistant tablets,0603020T0AAAGAG
15176111000001100,Prednisolone 5mg gastro-resistant tablets (Sigma Pharmaceuticals Plc) (product),AMP,15176111000001100,Prednisolone 5mg gastro-resistant tablets,0603020T0AAAGAG
18307211000001104,Prednisolone 5mg gastro-resistant tablets (Teva UK Ltd) (product),AMP,18307211000001104,Prednisolone 5mg gastro-resistant tablets,0603020T0AAAGAG
22453011000001108,Prednisolone 5mg gastro-resistant tablets (Waymade Healthcare Plc) (product),AMP,22453011000001108,Prednisolone 5mg gastro-resistant tablets,0603020T0AAAGAG
325450008,Product containing precisely prednisolone 25 milligram/1 each conventional release oral tablet (clinical drug),VMP,325450008,Prednisolone 25mg tablets,0603020T0AAARAR
716111000001103,Prednisolone 25mg tablets (A A H Pharmaceuticals Ltd) (product),AMP,716111000001103,Prednisolone 25mg tablets,0603020T0AAARAR
30991311000001108,Prednisolone 25mg tablets (Accord Healthcare Ltd) (product),AMP,30991311000001108,Prednisolone 25mg tablets,0603020T0AAARAR
313911000001107,Prednisolone 25mg tablets (Unichem Plc) (product),AMP,313911000001107,Prednisolone 25mg tablets,0603020T0AAARAR
37778711000001106,Prednisolone 25mg tablets (DE Pharmaceuticals) (product),AMP,37778711000001106,Prednisolone 25mg tablets,0603020T0AAARAR
37131011000001108,Prednisolone 25mg tablets (Mawdsley-Brooks & Company Ltd) (product),AMP,37131011000001108,Prednisolone 25mg tablets,0603020T0AAARAR
17917211000001102,Prednisolone 25mg tablets (Phoenix Healthcare Distribution Ltd) (product),AMP,17917211000001102,Prednisolone 25mg tablets,0603020T0AAARAR
4852811000001108,Prednisolone 25mg tablets (Beacon Pharmaceuticals Ltd) (product),AMP,4852811000001108,Prednisolone 25mg tablets,0603020T0AAARAR
32611811000001105,Prednisolone 1mg gastro-resistant tablets (product),VMP,32611811000001105,Prednisolone 1mg gastro-resistant tablets,0603020T0AAATAT
33425811000001105,Prednisolone 1mg gastro-resistant tablets (A A H Pharmaceuticals Ltd) (product),AMP,33425811000001105,Prednisolone 1mg gastro-resistant tablets,0603020T0AAATAT
33428411000001103,Prednisolone 1mg gastro-resistant tablets (Alliance Healthcare (Distribution) Ltd) (product),AMP,33428411000001103,Prednisolone 1mg gastro-resistant tablets,0603020T0AAATAT
37778311000001107,Prednisolone 1mg gastro-resistant tablets (DE Pharmaceuticals) (product),AMP,37778311000001107,Prednisolone 1mg gastro-resistant tablets,0603020T0AAATAT
37130011000001104,Prednisolone 1mg gastro-resistant tablets (Mawdsley-Brooks & Company Ltd) (product),AMP,37130011000001104,Prednisolone 1mg gastro-resistant tablets,0603020T0AAATAT
32584711000001105,Prednisolone 1mg gastro-resistant tablets (Phoenix Labs Ltd) (product),AMP,32584711000001105,Prednisolone 1mg gastro-resistant tablets,0603020T0AAATAT
28808711000001109,Prednisolone 20mg tablets (product),VMP,28808711000001109,Prednisolone 20mg tablets,0603020T0AAAXAX
32776511000001100,Prednisolone 20mg tablets (A A H Pharmaceuticals Ltd) (product),AMP,32776511000001100,Prednisolone 20mg tablets,0603020T0AAAXAX
32773211000001105,Prednisolone 20mg tablets (Accord Healthcare Ltd) (product),AMP,32773211000001105,Prednisolone 20mg tablets,0603020T0AAAXAX
416533002,Product containing precisely prednisolone 3 milligram/1 milliliter conventional release oral solution (clinical drug),VMP,416533002,Prednisolone 15mg/5ml oral solution,0603020T0AAAYAY
432225008,Product containing precisely prednisolone 3 milligram/1 milliliter conventional release oral suspension (clinical drug),VMP,432225008,Prednisolone 15mg/5ml oral suspension,0603020T0AAAYAY
13055911000001108,Prednisolone 15mg/5ml oral solution (Special Order) (product),AMP,13055911000001108,Prednisolone 15mg/5ml oral solution,0603020T0AAAYAY
13055311000001107,Prednisolone 15mg/5ml oral suspension (Special Order) (product),AMP,13055311000001107,Prednisolone 15mg/5ml oral suspension,0603020T0AAAYAY
13133111000001100,Prednisolone 5mg/5ml oral solution (product),VMP,13133111000001100,Prednisolone 5mg/5ml oral solution,0603020T0AAAZAZ
432224007,Product containing precisely prednisolone 1 milligram/1 milliliter conventional release oral suspension (clinical drug),VMP,432224007,Prednisolone 5mg/5ml oral suspension,0603020T0AAAZAZ
13120411000001104,Prednisolone 5mg/5ml oral solution (Special Order) (product),AMP,13120411000001104,Prednisolone 5mg/5ml oral solution,0603020T0AAAZAZ
13120111000001109,Prednisolone 5mg/5ml oral suspension (Special Order) (product),AMP,13120111000001109,Prednisolone 5mg/5ml oral suspension,0603020T0AAAZAZ
13078311000001101,Prednisolone 1.5mg/5ml oral solution (product),VMP,13078311000001101,Prednisolone 1.5mg/5ml oral solution,0603020T0AABBBB
13078411000001108,Prednisolone 1.5mg/5ml oral suspension (product),VMP,13078411000001108,Prednisolone 1.5mg/5ml oral suspension,0603020T0AABBBB
13053711000001105,Prednisolone 1.5mg/5ml oral solution (Special Order) (product),AMP,13053711000001105,Prednisolone 1.5mg/5ml oral solution,0603020T0AABBBB
13053211000001103,Prednisolone 1.5mg/5ml oral suspension (Special Order) (product),AMP,13053211000001103,Prednisolone 1.5mg/5ml oral suspension,0603020T0AABBBB
429995001,Product containing precisely prednisolone 2 milligram/1 milliliter conventional release oral solution (clinical drug),VMP,429995001,Prednisolone 10mg/5ml oral solution,0603020T0AABCBC
13078611000001106,Prednisolone 10mg/5ml oral suspension (product),VMP,13078611000001106,Prednisolone 10mg/5ml oral suspension,0603020T0AABCBC
13054711000001107,Prednisolone 10mg/5ml oral solution (Special Order) (product),AMP,13054711000001107,Prednisolone 10mg/5ml oral solution,0603020T0AABCBC
13054411000001101,Prednisolone 10mg/5ml oral suspension (Special Order) (product),AMP,13054411000001101,Prednisolone 10mg/5ml oral suspension,0603020T0AABCBC
13079511000001101,Prednisolone 25mg/5ml oral solution (product),VMP,13079511000001101,Prednisolone 25mg/5ml oral solution,0603020T0AABDBD
13079611000001102,Prednisolone 25mg/5ml oral suspension (product),VMP,13079611000001102,Prednisolone 25mg/5ml oral suspension,0603020T0AABDBD
13058911000001102,Prednisolone 25mg/5ml oral solution (Special Order) (product),AMP,13058911000001102,Prednisolone 25mg/5ml oral solution,0603020T0AABDBD
13058611000001108,Prednisolone 25mg/5ml oral suspension (Special Order) (product),AMP,13058611000001108,Prednisolone 25mg/5ml oral suspension,0603020T0AABDBD
8672011000001109,Prednisolone 2mg/5ml oral suspension (product),VMP,8672011000001109,Prednisolone 2mg/5ml oral suspension,0603020T0AABEBE
8651111000001103,Prednisolone 2mg/5ml oral suspension (Special Order) (product),AMP,8651111000001103,Prednisolone 2mg/5ml oral suspension,0603020T0AABEBE
13078911000001100,Prednisolone 1mg/5ml oral solution (product),VMP,13078911000001100,Prednisolone 1mg/5ml oral solution,0603020T0AABFBF
13079011000001109,Prednisolone 1mg/5ml oral suspension (product),VMP,13079011000001109,Prednisolone 1mg/5ml oral suspension,0603020T0AABFBF
13056511000001108,Prednisolone 1mg/5ml oral solution (Special Order) (product),AMP,13056511000001108,Prednisolone 1mg/5ml oral solution,0603020T0AABFBF
13056211000001105,Prednisolone 1mg/5ml oral suspension (Special Order) (product),AMP,13056211000001105,Prednisolone 1mg/5ml oral suspension,0603020T0AABFBF
13079311000001107,Prednisolone 20mg/5ml oral solution (product),VMP,13079311000001107,Prednisolone 20mg/5ml oral solution,0603020T0AABGBG
13079411000001100,Prednisolone 20mg/5ml oral suspension (product),VMP,13079411000001100,Prednisolone 20mg/5ml oral suspension,0603020T0AABGBG
13058311000001103,Prednisolone 20mg/5ml oral solution (Special Order) (product),AMP,13058311000001103,Prednisolone 20mg/5ml oral solution,0603020T0AABGBG
13058011000001101,Prednisolone 20mg/5ml oral suspension (Special Order) (product),AMP,13058011000001101,Prednisolone 20mg/5ml oral suspension,0603020T0AABGBG
325444003,Prednisolone 5mg soluble tablet (product),VMP,325444003,Prednisolone 5mg soluble tablets,0603020T0AABHBH
245011000001108,Prednisolone 5mg soluble tablets (A A H Pharmaceuticals Ltd) (product),AMP,245011000001108,Prednisolone 5mg soluble tablets,0603020T0AABHBH
34035411000001102,Prednisolone 5mg soluble tablets (Actavis UK Ltd) (product),AMP,34035411000001102,Prednisolone 5mg soluble tablets,0603020T0AABHBH
392511000001108,Prednisolone 5mg soluble tablets (Sovereign Medical) (product),AMP,392511000001108,Prednisolone 5mg soluble tablets,0603020T0AABHBH
157711000001100,Prednisolone 5mg soluble tablets (Unichem Plc) (product),AMP,157711000001100,Prednisolone 5mg soluble tablets,0603020T0AABHBH
30114611000001103,Prednisolone 5mg soluble tablets (DE Pharmaceuticals) (product),AMP,30114611000001103,Prednisolone 5mg soluble tablets,0603020T0AABHBH
28937511000001104,Prednisolone 5mg soluble tablets (Focus Pharmaceuticals Ltd) (product),AMP,28937511000001104,Prednisolone 5mg soluble tablets,0603020T0AABHBH
34172711000001106,Prednisolone 5mg soluble tablets (Phoenix Labs Ltd) (product),AMP,34172711000001106,Prednisolone 5mg soluble tablets,0603020T0AABHBH
15172311000001102,Prednisolone 5mg soluble tablets (Sigma Pharmaceuticals Plc) (product),AMP,15172311000001102,Prednisolone 5mg soluble tablets,0603020T0AABHBH
13079111000001105,Prednisolone 2.5mg/5ml oral solution (product),VMP,13079111000001105,Prednisolone 2.5mg/5ml oral solution,0603020T0AABIBI
13079211000001104,Prednisolone 2.5mg/5ml oral suspension (product),VMP,13079211000001104,Prednisolone 2.5mg/5ml oral suspension,0603020T0AABIBI
13057411000001106,Prednisolone 2.5mg/5ml oral solution (Special Order) (product),AMP,13057411000001106,Prednisolone 2.5mg/5ml oral solution,0603020T0AABIBI
13056811000001106,Prednisolone 2.5mg/5ml oral suspension (Special Order) (product),AMP,13056811000001106,Prednisolone 2.5mg/5ml oral suspension,0603020T0AABIBI
14204411000001101,Prednisolone 1.67mg/5ml oral solution (product),VMP,14204411000001101,Prednisolone 1.67mg/5ml oral solution,0603020T0AABJBJ
14204511000001102,Prednisolone 1.67mg/5ml oral suspension (product),VMP,14204511000001102,Prednisolone 1.67mg/5ml oral suspension,0603020T0AABJBJ
14173111000001101,Prednisolone 1.67mg/5ml oral solution (Special Order) (product),AMP,14173111000001101,Prednisolone 1.67mg/5ml oral solution,0603020T0AABJBJ
14173511000001105,Prednisolone 1.67mg/5ml oral suspension (Special Order) (product),AMP,14173511000001105,Prednisolone 1.67mg/5ml oral suspension,0603020T0AABJBJ
28808411000001103,Prednisolone 10mg tablets (product),VMP,28808411000001103,Prednisolone 10mg tablets,0603020T0AABKBK
32776311000001106,Prednisolone 10mg tablets (A A H Pharmaceuticals Ltd) (product),AMP,32776311000001106,Prednisolone 10mg tablets,0603020T0AABKBK
32771211000001106,Prednisolone 10mg tablets (Accord Healthcare Ltd) (product),AMP,32771211000001106,Prednisolone 10mg tablets,0603020T0AABKBK
29424511000001109,Prednisolone 5mg/5ml oral solution unit dose (product),VMP,29424511000001109,Prednisolone 5mg/5ml oral solution unit dose,0603020T0AABLBL
29559211000001100,Prednisolone 5mg/5ml oral solution unit dose (A A H Pharmaceuticals Ltd) (product),AMP,29559211000001100,Prednisolone 5mg/5ml oral solution unit dose,0603020T0AABLBL
32688311000001106,Prednisolone 5mg/5ml oral solution unit dose (Alliance Healthcare (Distribution) Ltd) (product),AMP,32688311000001106,Prednisolone 5mg/5ml oral solution unit dose,0603020T0AABLBL
29361211000001105,Prednisolone 5mg/5ml oral solution unit dose (Logixx Pharma Solutions Ltd) (product),AMP,29361211000001105,Prednisolone 5mg/5ml oral solution unit dose,0603020T0AABLBL
29904211000001102,Prednisolone 10mg/ml oral solution sugar free (product),VMP,29904211000001102,Prednisolone 10mg/ml oral solution sugar free,0603020T0AABMBM
30129111000001103,Prednisolone 10mg/ml oral solution sugar free (A A H Pharmaceuticals Ltd) (product),AMP,30129111000001103,Prednisolone 10mg/ml oral solution sugar free,0603020T0AABMBM
29879111000001105,Prednisolone 10mg/ml oral solution sugar free (Focus Pharmaceuticals Ltd) (product),AMP,29879111000001105,Prednisolone 10mg/ml oral solution sugar free,0603020T0AABMBM
37941611000001100,Prednisolone 10mg/ml oral solution sugar free (Alliance Healthcare (Distribution) Ltd) (product),AMP,37941611000001100,Prednisolone 10mg/ml oral solution sugar free,0603020T0AABMBM
37778511000001101,Prednisolone 10mg/ml oral solution sugar free (DE Pharmaceuticals) (product),AMP,37778511000001101,Prednisolone 10mg/ml oral solution sugar free,0603020T0AABMBM
32781411000001102,Prednisolone 30mg tablets (product),VMP,32781411000001102,Prednisolone 30mg tablets,0603020T0AABNBN
32776711000001105,Prednisolone 30mg tablets (A A H Pharmaceuticals Ltd) (product),AMP,32776711000001105,Prednisolone 30mg tablets,0603020T0AABNBN
32774411000001107,Prednisolone 30mg tablets (Actavis UK Ltd) (product),AMP,32774411000001107,Prednisolone 30mg tablets,0603020T0AABNBN
,,AMP,459611000001100,Deltacortril 2.5mg gastro-resistant tablets,0603020T0BCAAAF
,,AMP,331111000001100,Deltacortril 5mg gastro-resistant tablets,0603020T0BCABAG
,,AMP,22519711000001105,Dilacort 2.5mg gastro-resistant tablets,0603020T0BKAAAF
,,AMP,22520311000001107,Dilacort 5mg gastro-resistant tablets,0603020T0BKABAG
,,AMP,28798211000001102,Pevanti 2.5mg tablets,0603020T0BLAAAB
,,AMP,28799011000001102,Pevanti 5mg tablets,0603020T0BLABAC
,,AMP,28799311000001104,Pevanti 10mg tablets,0603020T0BLACBK
,,AMP,28799611000001109,Pevanti 20mg tablets,0603020T0BLADAX
,,AMP,28799811000001108,Pevanti 25mg tablets,0603020T0BLAEAR
,,AMP,32652311000001103,Dilacort 2.5mg gastro-resistant tablets,0603020T0BNAAAF
,,AMP,32652511000001109,Dilacort 5mg gastro-resistant tablets,0603020T0BNABAG
,,AMP,33577711000001104,Dilacort 2.5mg gastro-resistant tablets,0603020T0BPAAAF
,,AMP,33577911000001102,Dilacort 5mg gastro-resistant tablets,0603020T0BPABAG
,,VMP,17872811000001100,Prednisone 1mg modified-release tablets,0603020X0AAAEAE
,,VMP,17873211000001107,Prednisone 2mg modified-release tablets,0603020X0AAAFAF
,,VMP,17873811000001108,Prednisone 5mg modified-release tablets,0603020X0AAAGAG
,,AMP,17872911000001105,Lodotra 1mg modified-release tablets,0603020X0BDAAAE
,,AMP,17873311000001104,Lodotra 2mg modified-release tablets,0603020X0BDABAF
,,AMP,17873911000001103,Lodotra 5mg modified-release tablets,0603020X0BDACAG
,,VMP,35921611000001103,Triamcinolone acetonide 40mg/1ml suspension for injection pre-filled syringes,0603020Z0AAAAAA
,,VMP,35921911000001109,Triamcinolone acetonide 80mg/2ml suspension for injection pre-filled syringes,0603020Z0AAABAB
,,AMP,793711000001105,Kenalog Intramuscular 40mg/1ml suspension for injection pre-filled syringes,0603020Z0BBAAAA
,,AMP,865511000001102,Kenalog Intramuscular 80mg/2ml suspension for injection pre-filled syringes,0603020Z0BBABAB
13078511000001107,Prednisolone 10mg/5ml oral solution (product),,,,
13078711000001102,Prednisolone 15mg/5ml oral solution (product),,,,
13078811000001105,Prednisolone 15mg/5ml oral suspension (product),,,,
13133211000001106,Prednisolone 5mg/5ml oral suspension (product),,,,
13245311000001104,Prednisolone 1mg tablets (Dowelhurst Ltd) (product),,,,
13245511000001105,Prednisolone 5mg tablets (Dowelhurst Ltd) (product),,,,
13245711000001100,Prednisolone 2.5mg gastro-resistant tablets (Dowelhurst Ltd) (product),,,,
13245911000001103,Prednisolone 5mg gastro-resistant tablets (Dowelhurst Ltd) (product),,,,
28995411000001102,Prednisolone 1mg/ml oral solution (Logixx Pharma Solutions Ltd) (product),,,,
31386211000001109,Prednisolone Dompe 5mg/5ml oral solution unit dose (Logixx Pharma Solutions Ltd) (product),,,,
37727411000001103,Prednisolone 5mg soluble tablets (Pilsco Ltd) (product),,,,
38721711000001107,Prednisolone 5mg tablets (NorthStar Healthcare Unlimited Company) (product),,,,
